#OMA_genome_identifier	refseq_assembly_acc	biosample_accession	tax_id	species_name	additions_and_corrections	short_name	corrected_short_name	internal_infection_sample_boolean	sample_class	sample_type	comments_on_isolation	scope	country	iso_alpha3	location	year	publication
GCF_000018445__1_ASM1844v1_protein	GCF_000018445.1	SAMN02603140	405416	A. baumannii ACICU		IC-2 06	IC-2 05	1	human	human	Isolated from the cerebrospinal fluid of a patient in an intensive care unit	europe	Italy	ITA	Rome	2005	https://www.ncbi.nlm.nih.gov/pmc/articles/PMC2593238/
GCF_000021145__1_ASM2114v1_protein	GCF_000021145.1	SAMN02603889	557600	A. baumannii AB307-0294		IC-1 01	IC-1 01	1	human	human	obtained from the blood of a patient hospitalized		USA	USA	Buffalo,NY	1994	https://www.ncbi.nlm.nih.gov/pmc/articles/PMC2593238/
GCF_000046845__1_ASM4684v1_protein	GCF_000046845.1	SAMEA3138250	62977	A. sp. ADP1		bayl 02	bayl 02		environmental	soil						1961	
GCF_000069245__1_ASM6924v1_protein	GCF_000069245.1	SAMEA3138279	509173	A. baumannii AYE		IC-1 03	IC-1 03	1	human	human	cultured from a patient with pneumonia and a urinary tract infection	europe	France	FRA		2001	https://www.ncbi.nlm.nih.gov/pmc/articles/PMC2593238/
GCF_000186665__3_ASM18666v4_protein	GCF_000186665.3	SAMN02603576	945556	A. baumannii D1279779		D1279779	baum 81	1	human	human	isolated from blood of patient with a bacteraemic infection. Patient is an indigenous Australian male at the Royal Darwin Hospital		Australia	AUS	Darwin	2009	https://www.ncbi.nlm.nih.gov/pmc/articles/PMC3602452/
GCF_000187205__2_ASM18720v4_protein	GCF_000187205.2	SAMN02603104	889738	A. baumannii MDR-TJ		IC-2 09	IC-2 08		environmental	hospital	isolated at the Second Hospital of Tianjin Medical University		China	CHN	Tianjin	2010	https://jb.asm.org/content/193/9/2365
GCF_000191145__1_ASM19114v1_protein	GCF_000191145.1	SAMN02603040	871585	A. pittii PHEA-2		pitt 08	pitt 08		environmental	wastewater	isolated from petrochemical wastewater from an oil refinery grows well on benzoate or phenol as a sole source of carbon		China	CHN	Guangdong	1999	https://www.ncbi.nlm.nih.gov/pmc/articles/PMC4808963/
GCF_000214135__1_ASM21413v1_protein	GCF_000214135.1	SAMN02470194	1029823	A. sp. P8-3-8		sp. 16	sp. 16		environmental	seawater fish	isolated from the intestine of a bluespotted cornetfish (Fistularia commersonii) caught in Vietnam and produces esterolytic enzymes	asia	Vietnam	VNM		2011	https://www.ncbi.nlm.nih.gov/pmc/articles/PMC3147709/
GCF_000214985__1_gacin10v1__0_protein	GCF_000214985.1	SAMN00114928	903898	A. baumannii Naval-81		IC-3 02	IC-3 02	1	human	human	isolated on October 9, 2006  from human blood at the National Naval Medical Center in Bethesda. Study is part of the Genomic Sequencing of a Diversity of U.S. Military Acinetobacter baumannii-calcoaceticus Complex Isolates project to sequence the genomes of clinical and environmental isolates of medically relevant Acinetobacter spp		USA	USA	Bethesda, MD	2006	
GCF_000219275__1_ASM21927v1_protein	GCF_000219275.1	SAMN02471142	1046625	A. lwoffii WJ10621		lwof 07	john 06	1	human	human	A multidrug-resistant clinical isolate from a urine specimen from a 62-year-old woman who suffered from a urinary tract infection after chemotherapy for pancreatic cancer.		China	CHN		2011	https://www.ncbi.nlm.nih.gov/pmc/articles/PMC3187412/
GCF_000241225__1_ASM24122v2_protein	GCF_000241225.1	SAMD00041787	1071390	A. sp. NBRC 100985		sp. 17	vene 07		environmental	seawater		asia	Japan	JPN	Yaku Island	2005	http://www.nbrc.nite.go.jp/NBRC2/NBRCCatalogueDetailServlet?ID=NBRC&CAT=00100985
GCF_000248355__1_ASM24835v2_protein	GCF_000248355.1	SAMN02471600	981327	A. lwoffii NCTC 5866 ~ CIP 64.10 ~ NIPH 512		lwof 03	lwof 03				FROM DSMZ 2403; Country: country of origin unknown Date of sampling: before 18.06.1982					1982	
GCF_000264725__1_ASM26472v1_protein	GCF_000264725.1	SAMN02471709	1173062	A. sp. HA	A. schindleri	sp. 23	schi 05		environmental	cotton bollworm	isolated from the 5th instar larva of Helicoverpa armigera (polyphagous pest) from an agricultural field		India	IND	Maharashtra	2015	https://www.nature.com/articles/srep29043
GCF_000278625__1_AcbauOIFC137v1__0_protein	GCF_000278625.1	SAMN02436470	903889	A. baumannii OIFC137		IC-3 03	IC-3 03		environmental	hospital	isolated from a catheter tip at Walter Reed Army Medical Center in May 22; 1999. It is a multi-drug resistant (MDR) strain		USA	USA	Washington, DC	1999	
GCF_000278665__1_AcbauOIFC143v1__0_protein	GCF_000278665.1	SAMN02436631	903893	A. baumannii OIFC143		IC-7 02	IC-7 02	1	human	human	isolated from the thigh wound of a patient		USA	USA	Silver Spring, MD	2003	https://www.beiresources.org/ProductInformationSheet/tabid/784/Default.aspx?doc=51247.pdf
GCF_000286595__1_gacin12v1__0_protein	GCF_000286595.1	SAMN02436573	903900	A. radioresistens WC-A-157		radi 02	radi 02		environmental	environment	environmental isolate; other strains also fround on skin and in gut	asia	Iraq	IRQ	Camp Delta	2008	https://www.beiresources.org/Catalog/bacteria/NR-17788.aspx
GCF_000292385__1_ASM29238v1_protein	GCF_000292385.1	SAMN02471865	651305	A. sp. GG2	A. seifertii	sp. 49	seif 02		environmental	rhizosphere	isolated from the rhizosphere of ginger (Z. officinale) from the Malaysian tropical soil		Malaysia	MYS		2014	https://www.frontiersin.org/articles/10.3389/fmicb.2015.00240/full
GCF_000301675__1_ASM30167v1_protein	GCF_000301675.1	SAMN02471242	1221295	A. calcoaceticus TG19593		calc 07	calc 07		environmental	soil						1962	http://journals.plos.org/plosone/article/file?type=supplementary&id=info:doi/10.1371/journal.pone.0054287.s003
GCF_000301715__1_ASM30171v1_protein	GCF_000301715.1	SAMN02471289	1221299	A. haemolyticus TG21157		haem 03	haem 03		human	human	isolated from human cervix					1969	http://journals.plos.org/plosone/article/file?type=supplementary&id=info:doi/10.1371/journal.pone.0054287.s003
GCF_000301775__1_ASM30177v1_protein	GCF_000301775.1	SAMN02471244	1221308	A. nosocomialis TG21145		noso 02	noso 02		environmental	unknown						1968	http://journals.plos.org/plosone/article/file?type=supplementary&id=info:doi/10.1371/journal.pone.0054287.s003
GCF_000308235__1_ASM30823v2_protein	GCF_000308235.1	SAMN02471758	1197884	A. venetianus VE-C3		vene 05	vene 05		environmental	seawater	isolated in 1993 (Baldi et al.  1997) from the superficial waters of the former industrialized Marghera Port in the Venice lagoon. This area has been polluted due to oil refineries for decades up to late nineties although, today, it is a dismissed and remediated area.	europe	Italy	ITA	Venice	1993	http://arcaold.unive.it/bitstream/10278/37773/1/FondietlaRESME.pdf
GCF_000313935__1_gacin27v1__0_protein	GCF_000313935.1	SAMN00761232	903915	A. sp. WC-141		sp. 15	sp. 15		environmental	hospital	isolated from health care equipment surface	asia	Iraq	IRQ	Camp Delta	2008	https://www.ebi.ac.uk/ena/data/view/AMSS01000000
GCF_000341835__1_ASM34183v1_protein	GCF_000341835.1	SAMN02469349	1235833	A. calcoaceticus subsp. anitratus XM1570	A. pittii	calc 06	pitt 15		human	human	isolated from sputum; resitant to beta-lactams				China	2013	http://journals.plos.org/plosone/article?id=10.1371/journal.pone.0106555
GCF_000367865__1_Acin_calc_NIPH_13_V1_protein	GCF_000367865.1	SAMN01828193	1217654	A. calcoaceticus NIPH 13		calc 05	calc 05										
GCF_000367925__1_Acin_sp_ANC_3994_V1_protein	GCF_000367925.1	SAMN01828192	1217715	A. bohemicus ANC 3994		bohe 01	bohe 01		environmental	wetland	swamp in  terestrial (deciduous forest)	europe	Czech Republic	CZE	Krivoklatsko	2014	https://bacdive.dsmz.de/strain/132192
GCF_000367945__1_Acin_sp_NIPH_809_V1_protein	GCF_000367945.1	SAMN01828191	1217713	A. sp. NIPH 809		sp. 12	prot 03		human	human	proteolyticus; ear	europe	Czech Republic	CZE	 Pribam	1993	http://ijs.microbiologyresearch.org/content/journal/ijsem/10.1099/ijsem.0.000932#tab2
GCF_000367965__1_Acin_sp_NIPH_236_V1_protein	GCF_000367965.1	SAMN01828190	1217711	A. sp. NIPH 236		sp. 11	sp. 95		human	human	modestus; urine		USA	USA		1984	http://ijs.microbiologyresearch.org/content/journal/ijsem/10.1099/ijsem.0.000932#tab2
GCF_000367985__1_Acin_sp_CIP_A165_V1_protein	GCF_000367985.1	SAMN01828189	40373	A. sp. CIP-A165	Genomic species 6	sp. 01	GS06 01		human	human	isolated from the throat						
GCF_000368005__1_Acin_parv_NIPH_1103_V1_protein	GCF_000368005.1	SAMN01828187	1217671	A. parvus NIPH 1103		parv 03	parv 03		human	human	isoalted from skin	europe	Netherlands	NLD	Leiden	1995	
GCF_000368025__1_Acin_parv_CIP108168_V1_protein	GCF_000368025.1	SAMN01828186	981333	A. parvus DSM 16617 ~ CIP 108168		parv 02	parv 02		human	human	isolated from human ear swab	europe	Czech Republic	CZE	 Pribam	1996	
GCF_000368045__1_Acin_john_CIP_64_6_V1_protein	GCF_000368045.1	SAMN01828184	1217663	A. johnsonii CIP 64.6		john 02	john 02		human	human	duodenum						
GCF_000368065__1_Acin_sp_NIPH_973_V1_protein	GCF_000368065.1	SAMN01828183	1530123	A. seifertii NIPH 973		seif 01	seif 01		human	human	ulcer	europe	Denmark	DNK		1991	https://www.ncbi.nlm.nih.gov/biosample/SAMN01828183
GCF_000368085__1_Acin_noso_NIPH_2119_V1_protein	GCF_000368085.1	SAMN01828182	1217670	A. nosocomialis NIPH 2119		noso 01	noso 01		human	human	sputum	europe	Netherlands	NLD	Rotterdam	1987	
GCF_000368145__1_Acin_guil_CIP_63_46_V1_protein	GCF_000368145.1	SAMN01828179	1217655	A. guillouiae CIP 63.46		guil 01	guil 01		environmental	sewage						1950	
GCF_000368165__1_Acin_lwof_NIPH_715_V1_protein	GCF_000368165.1	SAMN01828178	1217669	A. lwoffii NIPH 715		lwof 06	lwof 06		human	human	isolated from human pus	europe	Czech Republic	CZE	Pribram	1997	
GCF_000368265__1_Acin_sp_ANC_3789_V1_protein	GCF_000368265.1	SAMN01828173	1217714	A. sp. ANC 3789	Taxon 25 (A. brisouii-like)	sp. 13	bril 01		environmental	wetland		europe	Czech Republic	CZE	Velchvin	2009	
GCF_000368285__1_Acin_sp_CIP_102159_V1_protein	GCF_000368285.1	SAMN01828172	1144667	A. sp. CIP 102159	A. parvus	sp. 51	parv 07	1	human	human	isolated from human blood	europe	France	FRA		1986	
GCF_000368305__1_Acin_sp_CIP_102129_V1_protein	GCF_000368305.1	SAMN01828171	1144664	A. sp. CIP 102129	A. parvus	sp. 18	parv 01	1	human	human	isolated from human sputum	europe	France	FRA	Rennes	1986	
GCF_000368385__1_Acin_sp_NIPH_899_V1_protein	GCF_000368385.1	SAMN01828167	1217710	A. sp. NIPH 899	A. variabilis	sp. 28	vari 03	1	human	human	isolated from human eye conjuctiva	europe	Czech Republic	CZE	Sedlcany	1998	
GCF_000368405__1_Acin_sp_NIPH817_V1_protein	GCF_000368405.1	SAMN01828166	520708	A. sp. NIPH 817		sp. 50	sp. 90	1	human	human	isolated from human patient abscess	europe	Denmark	DNK		1991	
GCF_000368425__1_Acin_sp_CIP_102637_V1_protein	GCF_000368425.1	SAMN01087910	1144669	A. sp. CIP 102637		sp. 20	parv 04	1	human	human	isolated from human blood	europe	France	FRA	Grenoble	1986	
GCF_000368445__1_Acin_sp_CIP_56_2_V1_protein	GCF_000368445.1	SAMN01087914	1144672	A. sp. CIP 56.2	Genomic species 16	sp. 55	GS16 01	1	human	human	isolated from patient liver abcess	europe	France	FRA	Roanne	1955	
GCF_000368465__1_Acin_schi_NIPH_900_V1_protein	GCF_000368465.1	SAMN01087915	1217675	A. schindleri NIPH 900		schi 03	schi 03	1	human	human	isolated from human eye conjuctiva	europe	Czech Republic	CZE	Sedlcany	1998	
GCF_000368485__1_Acin_guil_NIPH_991_V1_protein	GCF_000368485.1	SAMN01087917	1217656	A. guillouiae NIPH 991		guil 02	guil 02		human	human	isolated from Ear swab (outpatient)	europe	Czech Republic	CZE	Sedlcany	1998	
GCF_000368565__1_Acin_gern_CIP_107464_V1_protein	GCF_000368565.1	SAMN01087849	1120926	A. gerneri DSM 14967 ~ CIP 107464		gern 01	gern 01		environmental	activated sludge	isolated from acitvated sludge plant	europe	Australia	AUS	Bendigo, Victoria	1991	
GCF_000368585__1_Acin_vene_CIP_110063_V1_protein	GCF_000368585.1	SAMN01087854	1191460	A. venetianus RAG-1 ~ CIP 110063		vene 04	vene 04		environmental	seawater	isolated from seawater at the beach	asia	Israel	ISR	Tel Baruch	1972	
GCF_000368625__1_Acin_schi_CIP107287_V1_protein	GCF_000368625.1	SAMN01828163	1217988	A. schindleri CIP 107287		schi 02	schi 02	1	human	human	isolated from human urine	europe	Czech Republic	CZE	Pribram	1998	
GCF_000368645__1_Acin_bris_ANC_4119_V1_protein	GCF_000368645.1	SAMN01087848	1217652	A. brisouii ANC 4119		bris 01	bris 01		environmental	soil	isolated from peat in wetland	asia	South Korea	KOR	Yongneup wetland	2010	
GCF_000368665__1_Acin_grim_CIP_107470_V1_protein	GCF_000368665.1	SAMN01087850	1217666	A. junii CIP 107470		juni 02	juni 02		environmental	activated sludge	isolated from acitvated sludge plant		Australia	AUS	Bendigo, Victoria	1991	
GCF_000368685__1_Acin_bayl_CIP_107474_V1_protein	GCF_000368685.1	SAMN01087846	1120924	A. baylyi DSM 14961 ~ CIP 107474		bayl 01	bayl 01		environmental	activated sludge	isolated from acitvated sludge plant		Australia	AUS	Bendigo, Victoria	1995	
GCF_000368705__1_Acin_soli_CIP_110264_V1_protein	GCF_000368705.1	SAMN01087844	1217676	A. soli CIP 110264		soli 01	soli 01		environmental	soil	isolated from forest soil	asia	South Korea	KOR	Mt. Baekwoon	2007	
GCF_000368765__1_Acin_juni_CIP_64_5_V1_protein	GCF_000368765.1	SAMN01828161	1217664	A. junii CIP 64.5		juni 03	juni 03	1	human	human	isolated from human urine in clinic						
GCF_000368785__1_Acin_town_CIP_107472_V1_protein	GCF_000368785.1	SAMN01087853	1120929	A. towneri DSM 14962 ~ CIP 107472		town 02	town 02		environmental	activated sludge	isolated from acitvated sludge plant		Australia	AUS	Bendigo, Victoria	1988	
GCF_000368805__1_Acin_john_ANC_3681_V1_protein	GCF_000368805.1	SAMN01087830	1217662	A. johnsonii ANC 3681		john 01	john 01		environmental	freshwater		europe	Czech Republic	CZE	Rampuse	2008	
GCF_000368825__1_Acin_ursi_CIP_107286_V1_protein	GCF_000368825.1	SAMN01087837	981336	A. ursingii DSM 16037 ~ CIP 107286		ursi 03	ursi 03	1	human	human	isolated from blood of patient	europe	Czech Republic	CZE	Praha	1993	
GCF_000368845__1_Acin_ursi_NIPH_ANC_3649_V1_protein	GCF_000368845.1	SAMN01087839	1257043	A. ursingii ANC 3649		ursi 02	ursi 02	1	human	human	isolated from blood of patient	asia	Turkey	TUR	Gluhane	2006	
GCF_000368865__1_Acin_bouv_CIP_107468_V1_protein	GCF_000368865.1	SAMN01087847	1120925	A. bouvetii DSM 14964 ~ CIP 107468		bouv 01	bouv 01		environmental	activated sludge	isolated from acitvated sludge plant		Australia	AUS	Bendigo, Victoria	1991	
GCF_000368905__1_Acin_radi_CIP_103788_V1_protein	GCF_000368905.1	SAMN01087835	981334	A. radioresistens DSM 6976 ~ NBRC 102413 ~ CIP 103788		radi 01	radi 01		environmental	cotton	isolated from cotton tampon						
GCF_000368925__1_Acin_bere_CIP_70_12_V1_protein	GCF_000368925.1	SAMN01087834	981324	A. bereziniae LMG 1003 ~ CIP 70.12		bere 01	bere 01	1	human	human	isolated from wound of patient					1960	
GCF_000368965__1_Acin_calc_CIP_81_8_V1_protein	GCF_000368965.1	SAMN01828159	981331	A. calcoaceticus DSM 30006 ~ CIP 81.8		calc 02	calc 02		environmental	soil	isolated from quinate enrichment from soil	europe	Netherlands	NLD	Delft	1910	https://www.dsmz.de/de/kataloge/catalogue/culture/DSM-30006.html
GCF_000368985__1_Acin_beij_ANC_3835_V1_protein	GCF_000368985.1	SAMN01087843	1217649	A. beijerinckii ANC 3835		beij 02	beij 02		environmental	freshwater	isolated from water with sludge	europe	Czech Republic	CZE	Rampuse	2009	
GCF_000369005__1_Acin_beij_CIP_110307_V1_protein	GCF_000369005.1	SAMN01087842	1217648	A. beijerinckii CIP 110307		beij 01	beij 01	1	human	human	isolatated from patient wound	europe	Sweden	SWE	Malmo	1980	
GCF_000369045__1_Acin_pitt_CIP_70_29_V1_protein	GCF_000369045.1	SAMN01828154	1311774	A. pittii ATCC 19004 ~ CIP 70.29		pitt 05	pitt 05	1	human	human	isolated from patient cerebrospinal fluid					1966	
GCF_000369065__1_Acin_haem_CIP_64_3_V1_protein	GCF_000369065.1	SAMN01828153	1217659	A. haemolyticus CIP 64.3		haem 01	haem 01	1	human	human	isoalted from patient sputum						
GCF_000369105__1_Acin_lwof_CIP_64_10_V1_protein	GCF_000369105.1	SAMN01087831	981327	A. lwoffii NCTC 5866 ~ CIP 64.10	pseudolwoffii CIP 64.10	lwof 02	pseu 01		environmental	hospital	isolated from incubator water	europe	United Kingdom	GBR	Derby	1969	http://ijs.microbiologyresearch.org/content/journal/ijsem/10.1099/00207713-27-2-133
GCF_000369125__1_Acin_lwof_CIP_70_31_V1_protein	GCF_000369125.1	SAMN01087832	1311804	A. lwoffii ATCC 9957 ~ CIP 70.31		lwof 01	lwof 01		human	human	isolated from patient with gas gangrene	europe	Italy	ITA			
GCF_000369145__1_Acin_lwof_NIPH_478_V1_protein	GCF_000369145.1	SAMN01087833	1217668	A. lwoffii NIPH 478		lwof 05	lwof 05		human	human	isolated from ear swab	europe	Czech Republic	CZE	Horni Plana	1960	
GCF_000369385__1_Acin_baum_CIP_70_34T_V1_protein	GCF_000369385.1	SAMN01828140	575584	A. baumannii ATCC 19606 ~ CIP 70.34 ~ JCM 6841 _dupl		19606 03	baum 80	1	human	human	isolated from dead patient from hospital	europe	Netherlands	NLD		1911	https://www.ncbi.nlm.nih.gov/biosample/SAMEA3650403/
GCF_000369405__1_Acin_sp_ANC_3929_V1_protein	GCF_000369405.1	SAMN01828138	1217707	A. sp. ANC 3929	Taxon 21	sp. 09	TX21 01	1	human	human	isolated from patient urine	europe	Czech Republic	CZE	Ostrava	2011	
GCF_000369425__1_Acin_sp_NIPH_284_V1_protein	GCF_000369425.1	SAMN01087868	1217704	A. sp. NIPH 284		sp. 26	sp. 93	1	human	human	isolated from patient urine	europe	Czech Republic	CZE	Pribram	1994	
GCF_000369445__1_Acin_sp_NIPH_713_V1_protein	GCF_000369445.1	SAMN01828137	1217709	A. sp. NIPH 713	pseudolwoffii NIPH 713	sp. 27	pseu 02		human	human	isolated from vaginal swab	europe	Czech Republic	CZE	Pribam	1997	
GCF_000369485__1_Acin_sp_ANC_4105_V1_protein	GCF_000369485.1	SAMN01087867	1217703	A. sp. ANC 4105	dispersus ANC 4105	sp. 07	disp 01		environmental	freshwater	isolated from well water	europe	Czech Republic	CZE	Lisov	2011	
GCF_000369505__1_Acin_sp_NIPH_298_V1_protein	GCF_000369505.1	SAMN01087856	1217692	A. sp. NIPH 298	Genomic Species 6	sp. 53	GS06 02	1	human	human	isolated from wound of patient	europe	Czech Republic	CZE	Pribam	1994	
GCF_000369525__1_Acin_sp_CIP_70_18_V1_protein	GCF_000369525.1	SAMN01087864	1217700	A. sp. CIP 70.18	Genomic species 16	sp. 06	GS16 03	1	human	human	isolated from patient urine						
GCF_000369545__1_Acin_sp_NIPH_1867_V1_protein	GCF_000369545.1	SAMN01087866	1217702	A. sp. NIPH 1867	A. dispersus	sp. 25	disp 02	1	human	human	isoalted from leg ulceration	europe	France	FRA		1990	
GCF_000369565__1_Acin_sp_ANC_3862_V1_protein	GCF_000369565.1	SAMN01087869	1217705	A. sp. ANC 3862		sp. 52	sp. 87	1	human	human	isolated from wound of patient	europe	Czech Republic	CZE	Ostrava	2010	
GCF_000369585__1_Acin_sp_CIP_101934_V1_protein	GCF_000369585.1	SAMN01828135	1144661	A. sp. CIP 101934	A. schindleri	sp. 54	schi 04	1	human	human	isolated from blood of patient	europe	Czech Republic	CZE	Rochefort sur mer	1985	
GCF_000369605__1_Acin_sp_NIPH_1847_V1_protein	GCF_000369605.1	SAMN01087861	1217697	A. courvalinii NIPH 1847	A. courvalini	sp. 04	cour 02	1	human	human	isolated from human eye conjuctiva		Brazil	BRA		1990	
GCF_000369625__1_Acin_sp_NIPH_2171_V1_protein	GCF_000369625.1	SAMN01087857	1217693	A. sp. NIPH 2171	variabilis NIPH 2171T	sp. 02	vari 01	1	human	human	isolated from patient urine	europe	Sweden	SWE	Malmo	1981	
GCF_000369645__1_Acin_sp_CIP_64_2_V1_protein	GCF_000369645.1	SAMN01087858	1217694	A. sp. CIP 64.2		sp. 46	sp. 46	1	human	human	isolated from human eye conjuctiva of patient with conjunctivitis	europe	Germany	DEU			
GCF_000369665__1_Acin_sp_CIP_51_11_V1_protein	GCF_000369665.1	SAMN01828134	1144670	A. sp. CIP 51.11	A. lwoffii	sp. 21	lwof 10	1	human	human	isolated from pleural plus of patient	europe	France	FRA		1951	
GCF_000369685__1_Acin_sp_CIP_102136_V1_protein	GCF_000369685.1	SAMN01828133	1144665	A. sp. CIP 102136		sp. 19	lwof 11	1	human	human	isolated from patient sternum (sternal fluid)	europe	France	FRA	Paris	1986	
GCF_000369705__1_Acin_sp_NIPH_2168_V1_protein	GCF_000369705.1	SAMN01828132	1217706	A. sp. NIPH 2168		sp. 08	sp. 08	1	human	human	isolated from patient (clinical specimen)	europe	Netherlands	NLD	Leiden		
GCF_000369725__1_Acin_sp_CIP_101966_V1_protein	GCF_000369725.1	SAMN01828131	1144662	A. sp. CIP 101966	A. lwoffii	sp. 48	lwof 13	1	human	human	isolated from patient sputum	europe	France	FRA	Nevers	1985	
GCF_000369745__1_Acin_sp_CIP_64_7_V1_protein	GCF_000369745.1	SAMN01828130	1144673	A. sp. CIP 64.7	A. lwoffii	sp. 22	lwof 08	1	human	human	isolated from patient urine	europe	Germany	DEU		1964	
GCF_000369785__1_Acin_sp_NIPH_3623_V1_protein	GCF_000369785.1	SAMN01087862	1217698	A. courvalinii NIPH 3623	A. courvalini	sp. 58	cour 01	1	human	human	isolated from human eye conjuctiva	europe	Czech Republic	CZE	Pribram	2008	
GCF_000369805__1_Acin_sp_NIPH_2100_V1_protein	GCF_000369805.1	SAMN01828129	1217708	A. sp. NIPH 2100	Taxon 22	sp. 10	TX22 01	1	human	human	isolated from patient wound	europe	France	FRA			
GCF_000369885__1_Acin_ursi_NIPH_706_V1_protein	GCF_000369885.1	SAMN01087838	1217716	A. ursingii NIPH 706		ursi 05	ursi 05	1	human	human	isolated from patient blood	europe	Czech Republic	CZE	Pribam	1997	
GCF_000386005__1_Ac7Aver1_protein	GCF_000386005.1	SAMN02472123	1209355	A. sp. MDS7A	A. towneri	sp. 24	town 03		environmental	cow	isolated from dairy sludge		India	IND			
GCF_000399665__1_Acin_calc_ANC_3811_V1_protein	GCF_000399665.1	SAMN01828158	1217690	A. calcoaceticus ANC 3811	A. sp.	calc 01	sp. 89		environmental	freshwater		europe	Czech Republic	CZE			
GCF_000399685__1_Acin_pitt_ANC_4050_V1_protein	GCF_000399685.1	SAMN01828157	1217691	A. pittii ANC 4050	A. sp.	pitt 03	sp. 98	1	human	human	isolated from blood of patient		USA	USA		2002	
GCF_000400715__1_Acin_sp_CIP_110321_V1_protein	GCF_000400715.1	SAMN01087863	1217699	A. sp. CIP 110321	Genomic species 15BJ	sp. 05	15BJ 01		human	human	isolated from human skin	europe	Hungary	HUN		1990	
GCF_000400735__1_Acin_tand_CIP_107469_V1_protein	GCF_000400735.1	SAMN01087852	1120927	A. tandoii DSM 14970 ~ CIP 107469		tand 01	tand 01		environmental	activated sludge	Isolated from activated sludge plant		Australia	AUS	Bendigo, Victoria	1991	
GCF_000413855__1_Acin_gyll_CIP_110306_V1_protein	GCF_000413855.1	SAMN01087841	1217657	A. gyllenbergii CIP 110306		gyll 01	gyll 01		human	human	isolated from patient urine	europe	Netherlands	NLD	Leiden	1978	
GCF_000413875__1_Acin_indi_ANC_4215_V1_protein	GCF_000413875.1	SAMN01087855	1217660	A. indicus ANC 4215		indi 01	indi 01		environmental	dump site soil	isolated from the soil of a hexachlorocyclohexane (HCH) dump site that was created as a result of the disposal of ?- and ?-HCH (HCH waste left out after the purification of lindane) on barren land		India	IND	Ummari village, Lucknow	2010	http://ijs.microbiologyresearch.org/content/journal/ijsem/10.1099/ijs.0.037721-0
GCF_000413895__1_Acin_rudi_CIP_110305_V1_protein	GCF_000413895.1	SAMN01087851	421052	A. rudis CIP 110305		rudi 01	rudi 01		environmental	cow	isolated from raw milk	asia	Israel	ISR			
GCF_000413935__1_Acin_sp_NIPH_2036_V1_protein	GCF_000413935.1	SAMN01087860	1217696	A. sp. NIPH 2036	colistiniresistens NIPH 2036T 	sp. 03	coll 01	1	human	human	isolated from catheter of patient	europe	Belgium	BEL		1990	
GCF_000419385__1_ASM41938v1_protein	GCF_000419385.1	SAMN02604244	1096995	A. baumannii BJAB07104		IC-2 07	IC-2 06	1	human	human	isolated from blood of human patient in hospital		China	CHN	Beijing	2008	http://journals.plos.org/plosone/article?id=10.1371/journal.pone.0066584
GCF_000419405__1_ASM41940v1_protein	GCF_000419405.1	SAMN02604245	1096996	A. baumannii BJAB0715		IC-8 01	IC-8 01	1	human	human	isolated from cerebrospinal fluid of hospital patient		China	CHN	Beijing	2008	http://journals.plos.org/plosone/article?id=10.1371/journal.pone.0066584
GCF_000419425__1_ASM41942v1_protein	GCF_000419425.1	SAMN02604246	1096997	A. baumannii BJAB0868		IC-2 08	IC-2 07	1	human	human	isolated from ascites (abnormal buildup of fluid in peritoneal cavity of abdomen)		China	CHN	Beijing	2008	http://journals.plos.org/plosone/article?id=10.1371/journal.pone.0066584
GCF_000453025__1_ASM45302v1_protein	GCF_000453025.1	SAMN02055520	1315159	A. baumannii TG22150		IC-6 02	IC-6 02	1	human	human	isolated from tracheal aspirate of female patient		USA	USA	Phoenix, AZ	2011	
GCF_000453745__1_ASM45374v1_protein	GCF_000453745.1	SAMN02055502	1315141	A. baumannii TG15237		IC-2 11	IC-2 10	1	human	human	isolated from tracheal aspirate of patient		USA	USA		2008	
GCF_000453825__1_ASM45382v1_protein	GCF_000453825.1	SAMN02055508	1315147	A. baumannii TG2012		IC-2 12	IC-2 11	1	human	human	isolated from blood of human patient		USA	USA	Phoenix, AZ	2006	
GCF_000453965__1_ASM45396v1_protein	GCF_000453965.1	SAMN02055517	1315156	A. baumannii TG22142		IC-6 01	IC-6 01	1	human	human	isolated from tracheal aspirate of male patient		USA	USA	Phoenix, AZ	2001	
GCF_000475335__1_De_Novo_assembly_protein	GCF_000475335.1	SAMN02345639	1397525	A. sp. COS3	A. venetianus	sp. 61	vene 08		environmental	crude oil	isolated from beach sands contaminated with crude oil discharged from the Deepwater Horizon spill, which were cultivated under aerobic and anaerobic conditions with crude oil as the sole carbon source		USA	USA	Pensacola Beach, FL	2010	https://www.ncbi.nlm.nih.gov/pmc/articles/PMC3868850/
GCF_000487975__1_Acin_lwof_CIP64_10_V2_protein	GCF_000487975.1	SAMN02356578	981327	A. lwoffii NCTC 5866 NIPH 512		lwof 04	lwof 04		environmental		sampled before 1982						https://www.dsmz.de/catalogues/details/culture/DSM-2403.html?
GCF_000488175__1_Acin_tjer_CIP_107465_V2_protein	GCF_000488175.1	SAMN01828188	1120928	A. tjernbergiae DSM 14971 ~ CIP 107465		tjer 01	tjer 01		environmental	activated sludge	isolated from acitvated sludge plant		Australia	AUS	Bendigo, Victoria	1991	http://ijs.microbiologyresearch.org/content/journal/ijsem/10.1099/ijs.0.02486-0
GCF_000488195__1_Acin_gyll_NIPH_230_V1_protein	GCF_000488195.1	SAMN01828185	1217658	A. gyllenbergii NIPH 230		gyll 02	gyll 02		human	human	isolated from vagina	europe	Czech Republic	CZE	Praha	1994	
GCF_000488215__1_Acin_nect_CIP110549_V2_protein	GCF_000488215.1	SAMN02335355	1392540	A. nectaris CIP 110549		nect 01	nect 01		environmental	plant	isolated from floral nectar of the plant species Muscari comosum (L.) Mill. (Hyacinthaceae) collected in the surroundings of Donana Natural Park	europe	Spain	ESP	Huelva province, SW	2011	http://ijs.microbiologyresearch.org/content/journal/ijsem/10.1099/ijs.0.043489-0
GCF_000488235__1_Acin_olei_CIP110421_V2_protein	GCF_000488235.1	SAMN02335353	1391912	A. oleivorans CIP 110421		olei 01	olei 91		environmental	soil	Isolated from the soil of a rice paddy in Deok-So, South Korea by enrichment with corn oil as the sole carbon source. Can degrade  diesel-oil and n-hexadecane; this strain was marked to have a redundant proteome probably to DR-1, thus this description was taken from DR-1	asia	South Korea	KOR	Deok-So	2012	
GCF_000488255__1_Acin_indi_CIP110367_V2_protein	GCF_000488255.1	SAMN02335352	1341679	A. indicus CIP 110367		indi 02	indi 02		environmental	soil	isolated from the soil of a hexachlorocyclohexane (HCH) dump site that was created as a result of the disposal of ?- and ?-HCH (HCH waste left out after the purification of lindane) on barren land		India	IND	Ummari village,Lucknow	2009	https://www.dsmz.de/catalogues/details/culture/DSM-25388.html
GCF_000488275__1_Acin_bris_CIP110357_V2_protein	GCF_000488275.1	SAMN02335354	1341683	A. brisouii CIP 110357		bris 02	bris 02		environmental	soil	Isolated in peat layer of a high moor	asia	South Korea	KOR	Yongneup wetland	2011	https://www.dsmz.de/de/kataloge/catalogue/culture/DSM-18516.html
GCF_000516615__2_ASM51661v2_protein	GCF_000516615.2	SAMN02597469	1343073	A. baumannii CI78	A. lactucae	xxxx 04	lact 02		human	human	isolated from respiratory tract of patient	asia	Afghanistan	AFG		2005	
GCF_000580175__1_ASM58017v1_protein	GCF_000580175.1	SAMN02371031	1310585	A. baumannii 1051830		IC-2 01	IC-2 01		human	human	isolated from patient in hospital medical or surgical intesive care unit; perirectal swab as part of an infection control active surveillance program at the University of Maryland Medical Center; Imipenem resistant		USA	USA	Baltimore, ML	2008	https://www.ncbi.nlm.nih.gov/pmc/articles/PMC5038335/
GCF_000580655__1_ASM58065v1_protein	GCF_000580655.1	SAMN02380515	1310623	A. baumannii 146457	A. courvalinii	xxxx 01	cour 03		human	human	isolated from patient in hospital medical or surgical intesive care unit; perirectal swab as part of an infection control active surveillance program at the University of Maryland Medical Center; Imipenem sensitive		USA	USA	Baltimore, ML	2011	https://www.ncbi.nlm.nih.gov/pmc/articles/PMC5038335/
GCF_000580775__1_ASM58077v1_protein	GCF_000580775.1	SAMN02379548	1310606	A. baumannii 1297549		1297549	baum 99		human	human	isolated from patient in hospital medical or surgical intesive care unit; perirectal swab as part of an infection control active surveillance program at the University of Maryland Medical Center; Imipenem sensitive		USA	USA	Baltimore, ML	2011	https://www.ncbi.nlm.nih.gov/pmc/articles/PMC5038335/
GCF_000580875__1_ASM58087v1_protein	GCF_000580875.1	SAMN02380504	1310613	A. baumannii 1295743		1295743	baum 98		human	human	isolated from patient in hospital medical or surgical intesive care unit; perirectal swab as part of an infection control active surveillance program at the University of Maryland Medical Center; Imipenem sensitive		USA	USA	Baltimore, ML	2011	https://www.ncbi.nlm.nih.gov/pmc/articles/PMC5038335/
GCF_000580975__1_ASM58097v1_protein	GCF_000580975.1	SAMN02380521	1310643	A. baumannii 299505		299505	baum 97		human	human	isolated from patient in hospital medical or surgical intesive care unit; perirectal swab as part of an infection control active surveillance program at the University of Maryland Medical Center; Imipenem sensitive		USA	USA	Baltimore, ML	2011	https://www.ncbi.nlm.nih.gov/pmc/articles/PMC5038335/
GCF_000581215__1_ASM58121v1_protein	GCF_000581215.1	SAMN02380520	1310639	A. sp. 272263	A. radioresistens	sp. 30	radi 03		human	human	isolated from patient in hospital medical or surgical intesive care unit; perirectal swab as part of an infection control active surveillance program at the University of Maryland Medical Center; Imipenem sensitive		USA	USA	Baltimore, ML	2012	https://www.ncbi.nlm.nih.gov/pmc/articles/PMC5038335/
GCF_000581255__1_ASM58125v1_protein	GCF_000581255.1	SAMN02380526	1310607	A. baumannii 625974		625974	baum 96		human	human	isolated from patient in hospital medical or surgical intesive care unit; perirectal swab as part of an infection control active surveillance program at the University of Maryland Medical Center; Imipenem sensitive		USA	USA	Baltimore, ML	2011	https://www.ncbi.nlm.nih.gov/pmc/articles/PMC5038335/
GCF_000581315__1_ASM58131v1_protein	GCF_000581315.1	SAMN02371058	1310563	A. baumannii 972082		972082	baum 95		human	human	isolated from patient in hospital medical or surgical intesive care unit; perirectal swab as part of an infection control active surveillance program at the University of Maryland Medical Center; Imipenem sensitive		USA	USA	Baltimore, ML	2008	https://www.ncbi.nlm.nih.gov/pmc/articles/PMC5038335/
GCF_000581515__1_ASM58151v1_protein	GCF_000581515.1	SAMN02371042	1310581	A. baumannii 34654		IC-2 04	IC-2 03		human	human	isolated from patient in hospital medical or surgical intesive care unit; perirectal swab as part of an infection control active surveillance program at the University of Maryland Medical Center; Imipenem sensitive		USA	USA	Baltimore, ML	2008	https://www.ncbi.nlm.nih.gov/pmc/articles/PMC5038335/
GCF_000581995__1_ASM58199v1_protein	GCF_000581995.1	SAMN02385026	1310674	A. baumannii 1546444		IC-2 02	baum 79		human	human	isolated from patient in hospital medical or surgical intesive care unit; perirectal swab as part of an infection control active surveillance program at the University of Maryland Medical Center; Imipenem sensitive		USA	USA	Baltimore, ML	2012	https://www.ncbi.nlm.nih.gov/pmc/articles/PMC5038335/
GCF_000582075__1_ASM58207v1_protein	GCF_000582075.1	SAMN02385038	1310689	A. sp. 1578804	A. pittii	sp. 47	pitt 16		human	human	isolated from patient in hospital medical or surgical intesive care unit; perirectal swab as part of an infection control active surveillance program at the University of Maryland Medical Center; Imipenem sensitive		USA	USA	Baltimore, ML	2012	https://www.ncbi.nlm.nih.gov/pmc/articles/PMC5038335/
GCF_000582135__1_ASM58213v1_protein	GCF_000582135.1	SAMN02384925	1310660	A. sp. 983759	A. radioresistens	sp. 62	radi 05		human	human	isolated from patient in hospital medical or surgical intesive care unit; perirectal swab as part of an infection control active surveillance program at the University of Maryland Medical Center; Imipenem sensitive		USA	USA	Baltimore, ML	2012	https://www.ncbi.nlm.nih.gov/pmc/articles/PMC5038335/
GCF_000582255__1_ASM58225v1_protein	GCF_000582255.1	SAMN02385034	1310683	A. sp. 1566109	A. nosocomialis	sp. 31	noso 05		human	human	isolated from patient in hospital medical or surgical intesive care unit; perirectal swab as part of an infection control active surveillance program at the University of Maryland Medical Center; Imipenem sensitive		USA	USA	Baltimore, ML	2012	https://www.ncbi.nlm.nih.gov/pmc/articles/PMC5038335/
GCF_000582275__1_ASM58227v1_protein	GCF_000582275.1	SAMN02385037	1310686	A. baumannii 397971		397971	baum 94		human	human	isolated from patient in hospital medical or surgical intesive care unit; perirectal swab as part of an infection control active surveillance program at the University of Maryland Medical Center; Imipenem resistant		USA	USA	Baltimore, ML	2012	https://www.ncbi.nlm.nih.gov/pmc/articles/PMC5038335/
GCF_000582925__1_ASM58292v1_protein	GCF_000582925.1	SAMN02371036	1310603	A. sp. 1294596	A. radioresistens	sp. 29	radi 04		human	human	isolated from patient in hospital medical or surgical intesive care unit; perirectal swab as part of an infection control active surveillance program at the University of Maryland Medical Center; Imipenem sensitive		USA	USA	Baltimore, ML	2011	https://www.ncbi.nlm.nih.gov/pmc/articles/PMC5038335/
GCF_000583375__1_ASM58337v1_protein	GCF_000583375.1	SAMN02567733	1310818	A. baumannii 121738		121738	IC-7 03		human	human	isolated from patient in hospital medical or surgical intesive care unit; sputum swab as part of an infection control active surveillance program at the University of Maryland Medical Center; Imipenem sensitive		USA	USA	Baltimore, ML	2012	https://www.ncbi.nlm.nih.gov/pmc/articles/PMC5038335/
GCF_000584455__1_ASM58445v1_protein	GCF_000584455.1	SAMN02404493	1310752	A. baumannii 1293320		1293320	baum 93		human	human	isolated from patient in hospital medical or surgical intesive care unit; sputum swab as part of an infection control active surveillance program at the University of Maryland Medical Center; Imipenem sensitive		USA	USA	Baltimore, ML	2011	https://www.ncbi.nlm.nih.gov/pmc/articles/PMC5038335/
GCF_000584575__1_ASM58457v1_protein	GCF_000584575.1	SAMN02404487	1310724	A. sp. 1245249	A. pittii	sp. 32	pitt 18		human	human	isolated from patient in hospital medical or surgical intesive care unit; perirectal swab as part of an infection control active surveillance program at the University of Maryland Medical Center; Imipenem sensitive		USA	USA	Baltimore, ML	2011	https://www.ncbi.nlm.nih.gov/pmc/articles/PMC5038335/
GCF_000588275__1_ASM58827v1_protein	GCF_000588275.1	SAMN02415070	1310759	A. baumannii 573719	A. sp.	xxxx 02	sp. 97		human	human	isolated from patient in hospital medical or surgical intesive care unit; sputum swab as part of an infection control active surveillance program at the University of Maryland Medical Center; Imipenem sensitive		USA	USA	Baltimore, ML	2008	https://www.ncbi.nlm.nih.gov/pmc/articles/PMC5038335/
GCF_000588395__1_ASM58839v1_protein	GCF_000588395.1	SAMN02415077	1310773	A. sp. 883425	A. pittii	sp. 33	pitt 17		human	human	isolated from patient in hospital medical or surgical intesive care unit; sputum swab as part of an infection control active surveillance program at the University of Maryland Medical Center; Imipenem sensitive		USA	USA	Baltimore, ML	2012	https://www.ncbi.nlm.nih.gov/pmc/articles/PMC5038335/
GCF_000588535__1_ASM58853v1_protein	GCF_000588535.1	SAMN02415074	1310791	A. sp. 742879	A. pittii	sp. 59	pitt 19		human	human	isolated from patient in hospital medical or surgical intesive care unit; sputum swab as part of an infection control active surveillance program at the University of Maryland Medical Center; Imipenem sensitive		USA	USA	Baltimore, ML	2011	https://www.ncbi.nlm.nih.gov/pmc/articles/PMC5038335/
GCF_000589335__1_ASM58933v1_protein	GCF_000589335.1	SAMN02570342	1310912	A. sp. 25977_8	A. nosocomialis	sp. 34	noso 04		human	human			USA	USA	Baltimore, ML		https://www.ncbi.nlm.nih.gov/pmc/articles/PMC5038335/
GCF_000589395__1_ASM58939v1_protein	GCF_000589395.1	SAMN02570328	1310866	A. baumannii 25307_2		IC-2 03	IC-2 02		human	human			USA	USA	Baltimore, ML		https://www.ncbi.nlm.nih.gov/pmc/articles/PMC5038335/
GCF_000591855__1_ASM59185v1_protein	GCF_000591855.1	SAMN02644675	1310988	A. baumannii 44327_4		IC-2 05	IC-2 04		human	human			USA	USA	Baltimore, ML		https://www.ncbi.nlm.nih.gov/pmc/articles/PMC5038335/
GCF_000600815__1_ASM60081v1_protein	GCF_000600815.1	SAMN02644700	1311018	A. baumannii 25493_4		25493_4	baum 92		human	human			USA	USA	Baltimore, ML		https://www.ncbi.nlm.nih.gov/pmc/articles/PMC5038335/
GCF_000611385__1_ASM61138v1_protein	GCF_000611385.1	SAMN02646233	1311114	A. baumannii 25569_7		25569_7	baum 91		human	human			USA	USA	Baltimore, ML		https://www.ncbi.nlm.nih.gov/pmc/articles/PMC5038335/
GCF_000737145__1_ASM73714v1_protein	GCF_000737145.1	SAMN02767370	575584	A. baumannii ATCC 19606 ~ CIP 70.34 ~ JCM 6841		19606 02	baum 90	1	human	human	isolated from dead patient from hospital	europe	Netherlands	NLD		1911	https://www.ncbi.nlm.nih.gov/biosample/SAMEA3650403/
GCF_000746645__1_ASM74664v1_protein	GCF_000746645.1	SAMN02940899	470	A. baumannii AB030		IC-5 02	IC-5 02	1	human	human	isolated from blood of patient with blood stream infection in hospital		Canada	CAN	Winnipeg	2010	
GCF_000757665__1_ASM75766v1_protein	GCF_000757665.1	SAMN02951536	470	A. baumannii A33405		IC-5 01	IC-5 01	1	human	human	isolated from male patient with surgical site infection at mini bronchoalveolar lavage	south america	Argentina	ARG	Buenos Aires	2012	
GCF_000761175__1_ASM76117v1_protein	GCF_000761175.1	SAMN03075316	470	A. baumannii AbH12O-A2		IC-5 03	IC-5 03	1	human	human	isolated from colonized/infected patient in hospital from a large outbreak ocurring in Spain; mult-drug resistant	europe	Spain	ESP	Madrid	2007	https://www.ncbi.nlm.nih.gov/pmc/articles/PMC4241672/
GCF_000761495__1_Ai_1__0_protein	GCF_000761495.1	SAMN02848464	1507807	A. idrijaensis MII	A. lwoffii	idri 01	lwof 07		environmental	soil	isolated from mercury mine soil	europe	Slovenia	SVN	Idrija	2013	
GCF_000764915__1_Acinetobater_Genome_Assembly_protein	GCF_000764915.1	SAMN03020262	1513354	A. sp. MN12		sp. 57	GS16 02		environmental	soil	isolated from environmental sample of Mane area of cold desert		India	IND	Lahaul and Spiti district of Himachal Pradesh	2007	
GCF_000770805__1_ASM77080v1_protein	GCF_000770805.1	SAMN03160862	1100847	A. baumannii TYTH-7		TYTH-7	baum 89		human	human	isolated from sputum of patient	asia	Taiwan	TWN		2007	
GCF_000775815__1_ASM77581v1_protein	GCF_000775815.1	SAMD00020341	40215	A. junii NBRC 110497		juni 05	juni 05		human	human	isolated from sputum	asia	Japan	JPN	Tokyo		
GCF_000804305__1_ASM80430v1_protein	GCF_000804305.1	SAMN03254432	1501691	A. sp. YZS-X1-1	A. variabilis	sp. 36	vari 02		environmental	freshwater	isolated from freshwater pond sludge in China		China	CHN	Guangzhou	2014	https://europepmc.org/abstract/med/25676772
GCF_000805455__1_ASM80545v1_protein	GCF_000805455.1	SAMN03143560	1561217	A. sp. A47		sp. 37	sp. 37		human	human	isolated from patient soft tissue with soft tissue infection	south america	Argentina	ARG	Buenos Aires	2013	
GCF_000805655__1_ASM80565v1_protein	GCF_000805655.1	SAMN03080629	48296	A. pittii T167		pitt 09	pitt 09					asia	Thailand	THA	Bangkok	2010	
GCF_000813495__1_ASM81349v1_protein	GCF_000813495.1	SAMN03265388	40215	A. junii L20		juni 04	juni 04		environmental	freshwater	isolated from lake water	asia	Malaysia			2014	
GCF_000816495__1_ASM81649v1_protein	GCF_000816495.1	SAMN03274949	1353941	A. harbinensis HITLi 7		harb 01	harb 01		environmental	freshwater	isolated from river water		China	CHN	Harbin	2012	
GCF_000829675__1_ASM82967v1_protein	GCF_000829675.1	SAMD00019984	632955	A. rudis DSM 24031		rudi 02	rudi 02		environmental	cow	isolated from raw milk	asia	Israel	ISR			
GCF_000949835__1_ASM94983v1_protein	GCF_000949835.1	SAMD00020357	108980	A. ursingii NBRC 110605		ursi 04	ursi 04	1	human	human	isolated from human abscess 	asia	Japan	JPN	Ogaki, Gifu		
GCF_000962795__1_ASM96279v1_protein	GCF_000962795.1	SAMN03420853	134533	A. parvus CM11	A. sp.	parv 01	sp. 96		environmental	mouse	isolated from bacterial culture of mice intestine	europe	France	FRA	Paris	2013	
GCF_000963815__1_ASM96381v1_protein	GCF_000963815.1	SAMN02894434	470	A. baumannii AB5075-UW		IC-1 02	IC-1 02	1	human	human	isolated from diabetes patient in hospital with tibia/osteomyelitis		USA	USA	Washington, DC	2008	
GCF_000964015__1_ASM96401v1_protein	GCF_000964015.1	SAMN03389080	396323	A. brisouii SM1		bris 03	bris 03		environmental	freshwater	isolated from river in Endau-Rompin National Park	asia	Malaysia	MYS	Johor	2012	
GCF_000964095__1_ASM96409v1_protein	GCF_000964095.1	SAMN03389077	756892	A. indicus KM7		indi 04	indi 04		environmental	freshwater	isolated from river in Endau-Rompin National Park	asia	Malaysia	MYS	Johor	2012	
GCF_000969465__1_ASM96946v1_protein	GCF_000969465.1	SAMN03418032	470	A. baumannii S46		IC-2 10	IC-2 09	1	human	human	isolated in the period 2008 to 2014 from various clinical specimens: bronchial fluid (n = 43); pus (n = 37); blood (n = 11); urine (n = 10); catheters (n = 6); cerebrospinal fluid (n = 3); bile (n = 1) and unspecified (n = 14). These specimens were from various care units: intensive care (n = 54); neurosurgery (n = 20); orthopedic (n = 10); burn (n = 9); hematology (n = 4); general surgery (n = 2); marrow transplantation (n = 2); internal medicine (n = 1); emergency (n = 1); rehabilitation (n = 1); outpatients (3) and unspecified (n = 18).	africa	Algeria	DZA	Algier	2010	https://www.sciencedirect.com/science/article/pii/S1995764515000516
GCF_001005525__1_ASM100552v1_protein	GCF_001005525.1	SAMN03565669	348388	A. sp. AG1		sp. 60	sp. 88		environmental	mosquito	isolated from adult mosquito gut of lab mosquito colony		USA	USA	Lsa Cruces, NM	2014	
GCF_001005885__1_ASM100588v1_protein	GCF_001005885.1	SAMN03493513	48296	A. pittii LC510		pitt 07	pitt 07		environmental	soil	isolated from cave surface layer		USA	USA	Lechuguilla Cave, NM	2006	
GCF_001056675__1_ASM105667v1_protein	GCF_001056675.1	SAMN03197613	108980	A. ursingii 421_ABAU		ursi 01	ursi 01		human	human	isolated from patient in clinic		USA	USA			
GCF_001077515__1_ASM107751v1_protein	GCF_001077515.1	SAMN03783304	1675902	A. sp. VT 511	A. schindleri	sp. 56	schi 06		human	human	isolated from human stomach		Russia	RUS		2013	
GCF_001077675__1_ASM107767v1_protein	GCF_001077675.1	SAMN03817043	470	A. baumannii ATCC 17978-mff		17978	baum 88		human	human	was sampled from the Meninges obtained from a case of fatal meningitis					1951	https://www.ncbi.nlm.nih.gov/pmc/articles/PMC2593238/
GCF_001278715__1_ASM127871v1_protein	GCF_001278715.1	SAMN04008121	1646498	A. sp. TTH0-4	A. albenensis	sp. 39	albe 02		environmental	soil	cold and Arid Regions Environmental and Engineering Research		China	CHN	Qinghai-Tibet Plateau	2011	https://www.ncbi.nlm.nih.gov/biosample/SAMN04008121/
GCF_001307195__1_ASM130719v1_protein	GCF_001307195.1	SAMN04110325	1324350	A. equi 114		equi 01	equi 01		environmental	horse	isolated from horse dung	europe	Germany	DEU	Minsleben	2012	https://www.ncbi.nlm.nih.gov/biosample/SAMN04110325
GCF_001414835__1_ASM141483v1_protein	GCF_001414835.1	SAMN04145669	470	A. baumannii ABBL058	A. nosocomialis	xxxx 03	noso 03	1	human	human	isolated from blood of patient with bacteremia		USA	USA	Chicago, IL	2008	https://www.ncbi.nlm.nih.gov/biosample/SAMN04145669/
GCF_001432715__1_ASM143271v1_protein	GCF_001432715.1	SAMN04145616	48296	A. pittii ABBL005		pitt 01	pitt 01	1	human	human	isolated from blood of patient with bacteremia		USA	USA	Chicago, IL	2005	https://www.ncbi.nlm.nih.gov/biosample/SAMN04145616/
GCF_001433125__1_ASM143312v1_protein	GCF_001433125.1	SAMN04145644	48296	A. pittii ABBL033		pitt 02	pitt 02	1	human	human	isolated from blood of patient with bacteremia		USA	USA	Chicago, IL	2006	https://www.ncbi.nlm.nih.gov/biosample/SAMN04145644/
GCF_001433145__1_ASM143314v1_protein	GCF_001433145.1	SAMN04145645	470	A. baumannii ABBL034		ABBL034	baum 87	1	human	human	isolated from blood of patient with bacteremia		USA	USA	Chicago, IL	2007	https://www.ncbi.nlm.nih.gov/biosample/SAMN04145645/
GCF_001441625__1_ASM144162v1_protein	GCF_001441625.1	SAMN04229825	470	A. baumannii MRSN20755		IC-8 03	IC-8 03	1	human	human	isolated from trachael mucosa of patient with respiratory infection		USA	USA	Washington, DC	2003	
GCF_001483265__1_ASM148326v1_protein	GCF_001483265.1	SAMN03571285	40214	A. johnsonii MB44		john 03	john 03		environmental	tree bark	isolated from Populus lasiocarpa		China	CHN	Wuhan	2006	
GCF_001484935__1_ASM148493v1_protein	GCF_001484935.1	SAMN03268929	1242245	A. johnsonii XBB1		john 04	john 04		environmental	sewage	isolated from hospital sewage		China	CHN	Chengdu	2012	
GCF_001500155__1_AbHPC229_1__0_protein	GCF_001500155.1	SAMN04115377	106648	A. bereziniae HPC229		bere 02	bere 02	1	human	human	isolated from clinical patient blood	south america	Argentina	ARG	Rosario, Santa Fe	2014	
GCF_001500225__1_ASM150022v1_protein	GCF_001500225.1	SAMN04196791	470	A. baumannii Ab03		IC-4 01	IC-4 01	1	human	human	isolated from clinical patient blood		Brazil	BRA	Sao Paulo	2003	
GCF_001510805__1_ASM151080v1_protein	GCF_001510805.1	SAMN04386095	471	A. calcoaceticus GK2	A. sp.	calc 04	sp. 92		environmental	rhizosphere	isolated from poplar tree rhizosphere	europe	Belgium	BEL	Genk	2009	
GCF_001575095__1_ASM157509v1_protein	GCF_001575095.1	SAMN04497771	29430	A. haemolyticus JKSF06		haem 02	vene 06		environmental	soil	isolated from river sediment of San Jacinto River		USA	USA	Houston, TX	2014	
GCF_001577285__1_ASM157728v1_protein	GCF_001577285.1	SAMN04495667	48296	A. pittii AP_882		pitt 04	pitt 04	1	human	human	isolated from wound swab of patient	asia	Malaysia	MYS		2014	
GCF_001577485__1_ASM157748v1_protein	GCF_001577485.1	SAMN04497621	52133	A. venetianus JKSF02		vene 01	vene 01		environmental	soil	isolated from river sediment of San Jacinto River		USA	USA	Houston, TX	2014	
GCF_001584655__1_ASM158465v1_protein	GCF_001584655.1	SAMN03025284	52133	A. venetianus LUH13518		vene 02	vene 02		environmental	soil	isolated from a dung heap	europe	Germany	DEU			https://www.ncbi.nlm.nih.gov/pmc/articles/PMC4763211
GCF_001584665__1_ASM158466v1_protein	GCF_001584665.1	SAMN03103718	52133	A. venetianus LUH7437		vene 03	vene 03		environmental	vegetable	isolated from vegetable market		China	CHN	Hong Kong		https://www.ncbi.nlm.nih.gov/pmc/articles/PMC4763211
GCF_001592855__1_ASM159285v1_protein	GCF_001592855.1	SAMN04457777	1795629	A. sp. BMW17	A. johnsonii	sp. 40	john 05		environmental	rhizosphere	isolated from rhizospheric region of Phragmites karka (an invasive weed) in brackish water lake		India	IND	Odisha	2011	
GCF_001595745__1_ASM159574v2_protein	GCF_001595745.1	SAMN04038486	1561081	A. dijkshoorniae JVAP01	A. lactucae	dijk 01	lact 03	1	human	human	isolated from 6 year old female patient urine with unrinary tract infection	asia	Turkey	TUR	Aydin	2009	
GCF_001605885__1_ASM160588v1_protein	GCF_001605885.1	SAMN04437545	1785128	A. lactucae NRRL B-41902		lact 01	lact 01		environmental	vegetable	isolated from iceberg lettuce (Lactuca sativa)		USA	USA	Peoria, IL	2006	http://ijs.microbiologyresearch.org/content/journal/ijsem/10.1099/ijsem.0.001234
GCF_001605895__1_ASM160589v1_protein	GCF_001605895.1	SAMN04510421	1806892	A. pragensis ANC 4149		prag 01	prag 01		environmental	freshwater	isolated from water with organic detritus	europe	Czech Republic	CZE	Kreckov	2011	
GCF_001612555__1_ASM161255v1_protein	GCF_001612555.1	SAMN04002505	1407071	A. sp. TGL-Y2		sp. 35	sp. 35		environmental	soil	isolated from frozen soil		China	CHN	Qinghai-Tibet Plateau	2011	
GCF_001617545__1_ASM161754v1_protein	GCF_001617545.1	SAMN04576523	48296	A. pittii IEC338SC		pitt 06	pitt 06		human	human	isolated from 71 year old female patient's tracheal secretion with bacterial pneumonia		Brazil	BRA	Belem	2014	
GCF_001647545__1_ASM164754v1_protein	GCF_001647545.1	SAMN04505912	1805634	A. sp. SFB		sp. 42	sp. 42		environmental	sheep	isolated from sheep feces and designated SFA; SFB; and SFC. All isolates grew well at 26 degree C on both Mac-Conkey agar and blood agar plates	europe	United Kingdom	GBR		2014	https://www.nature.com/articles/srep29043
GCF_001647575__1_ASM164757v1_protein	GCF_001647575.1	SAMN04505924	1805635	A. sp. SFD		sp. 43	sp. 43		environmental	sheep	isolated from sheep feces and designated SFA; SFB; and SFC. All isolates grew well at 26 degree C on both Mac-Conkey agar and blood agar plates	europe	United Kingdom	GBR		2014	https://www.nature.com/articles/srep29043
GCF_001647595__1_ASM164759v1_protein	GCF_001647595.1	SAMN04505907	1805632	A. sp. SFC		sp. 41	sp. 41		environmental	sheep	isolated from sheep feces and designated SFA; SFB; and SFC. All isolates grew well at 26 degree C on both Mac-Conkey agar and blood agar plates	europe	United Kingdom	GBR		2014	https://www.nature.com/articles/srep29043
GCF_001647675__1_ASM164767v1_protein	GCF_001647675.1	SAMN04572529	1608473	A. sp. NCu2D-2		sp. 38	sp. 38		environmental	mouse	isolated from tracheal swab from cat-captured mouse	europe	Germany	DEU	Wernigerode	2014	
GCF_001663695__1_ASM166369v1_protein	GCF_001663695.1	SAMN05225403	471	A. calcoaceticus EGD_AQ_BF14	A. pittii	calc 03	pitt 14		environmental	brakish water	isolated biofouling Acinetobacter isolated from brackish water biofouled membrane		India	IND	Sundarban	2014	
GCF_001678755__1_ASM167875v1_protein	GCF_001678755.1	SAMN05185381	1443941	A. gandensis ANC 4275		gand 01	gand 01		environmental	horse	isolated from horse feces/dung at Faculty of Veterinary Medicine in Merelbeke	europe	Belgium	BEL	Merelbeke	2012	
GCF_001696615__2_ASM169661v2_protein	GCF_001696615.2	SAMN05356835	1879049	A. sp. WCHA34		sp. 45	sp. 45		environmental	sewage	isolated from microbial sample of hospital sewage		China	CHN		2015	
GCF_001704115__1_ASM170411v1_protein	GCF_001704115.1	SAMN05520995	1789224	A. larvae BRTC-1		larv 01	larv 01		environmental	bamboo worm	isolated from the larval gut of Omphisa fuscidentalis (Bamboo living insect)		China	CHN	Xishuangbanna Dai	2015	
GCF_001704615__1_ASM170461v1_protein	GCF_001704615.1	SAMN05356262	1871111	A. defluvii WCHA30		defl 01	defl 01		environmental	sewage	isolated from microbial sample of hospital sewage		China	CHN		2015	
GCF_001706035__1_ASM170603v1_protein	GCF_001706035.1	SAMN05022853	48296	A. pittii UKK-0145		pitt 10	pitt 10		human	human	isolated from patient in hospital	asia	Turkey	TUR	Bursa	2009	
GCF_001706135__1_ASM170613v1_protein	GCF_001706135.1	SAMN05022859	48296	A. pittii UKK-0520		pitt 11	pitt 11		human	human	isolated from patient in hospital	europe	Germany	DEU	Bochum	2010	
GCF_001706495__1_ASM170649v1_protein	GCF_001706495.1	SAMN05022879	48296	A. pittii UKK-0556		pitt 13	pitt 13		human	human	isolated from patient in hospital	europe	Germany	DEU	Bochum	2010	
GCF_001707755__1_ASM170775v1_protein	GCF_001707755.1	SAMN05375319	1891224	A. celticus ANC 4603		celt 01	celt 01		environmental	freshwater	isolated from forest sping water with sludge	europe	Czech Republic	CZE	Rampuse	2013	http://www.microbiologyresearch.org/docserver/fulltext/ijsem/66/12/5392_ijsem001526.pdf
GCF_001713675__1_ASM171367v1_protein	GCF_001713675.1	SAMN05022869	48296	A. pittii UKK-0546		pitt 12	pitt 12		human	human	isolated from patient in hospital	europe	Germany	DEU	Munich	2015	
GCF_001720685__1_ASM172068v1_protein	GCF_001720685.1	SAMN05201307	1856846	A. sp. 51m	A. lwoffii	sp. 44	lwof 02		environmental	mammoth	isolated from paleontological Mammuthus primigenius speciment from permafrost soil		Russia	RUS	Yakutsk	2014	
GCF_001753595__1_ASM175359v1_protein	GCF_001753595.1	SAMN05846377	1262585	A. qingfengensis ANC 4671		qing 01	qing 01		environmental	tree bark	isolated from canker bark of Populus		China	CHN	Qingfeng, Puyang City	2011	
GCF_001753605__1_ASM175360v1_protein	GCF_001753605.1	SAMN05828395	1776741	A. proteolyticus ANC 3849		prot 02	prot 02	1	human	human	isolated from leg wound of patient	europe	Czech Republic	CZE	Ostrava	2010	
GCF_001758345__1_ASM175834v1_protein	GCF_001758345.1	SAMN05860603	202956	A. towneri 5-2Ac02		town 01	town 01		environmental	hospital	isolated from air in hospital environment		Brazil	BRA	Rio de Janeiro	2012	
GCF_001861395__1_ASM186139v1_protein	GCF_001861395.1	SAMN04745480	470	A. baumannii XH729		IC-2 15	baum 86		human	human	isolated from human sputum in clinic		China	CHN	Hangzhou	2014	
GCF_001861515__1_ASM186151v1_protein	GCF_001861515.1	SAMN04745493	470	A. baumannii XH743		IC-2 16	IC-2 15		human	human	isolated from human sputum in clinic		China	CHN	Hangzhou	2014	
GCF_001861955__1_ASM186195v1_protein	GCF_001861955.1	SAMN04745555	470	A. baumannii XH828		IC-8 04	IC-8 04		human	human	isolated from human sputum in clinic		China	CHN	Hangzhou	2013	
GCF_001862215__1_ASM186221v1_protein	GCF_001862215.1	SAMN04745472	470	A. baumannii XH720		IC-2 13	IC-2 12		human	human	isolated from human sputum in clinic		China	CHN	Hangzhou	2014	
GCF_001862305__1_ASM186230v1_protein	GCF_001862305.1	SAMN04745476	470	A. baumannii XH724		IC-2 14	IC-2 13		human	human	isolated from human sputum in clinic		China	CHN	Hangzhou	2014	
GCF_001862725__1_ASM186272v1_protein	GCF_001862725.1	SAMN04745510	470	A. baumannii XH764		XH764	baum 85		human	human	isolated from human sputum in clinic		China	CHN	Hangzhou	2014	
GCF_001862805__1_ASM186280v1_protein	GCF_001862805.1	SAMN04745517	470	A. baumannii XH771		IC-2 17	IC-2 14		human	human	isolated from human sputum in clinic		China	CHN	Hangzhou	2013	
GCF_001908295__1_ASM190829v1_protein	GCF_001908295.1	SAMN05362953	470	A. baumannii LAC4		IC-8 02	IC-8 02		human	human	isolated clinical outbreak strain sample. The outbreak with this strain lasted several years (1996-1999)		USA	USA	Los Angeles County, CA	1997	
GCF_001941805__1_ASM194180v1_protein	GCF_001941805.1	SAMN06198736	40215	A. junii 65		juni 01	juni 01		environmental	freshwater	isolated from limnetic water		Russia	RUS	Novosibirsk	1991	
GCF_001953195__1_ASM195319v1_protein	GCF_001953195.1	SAMN05554081	487316	A. soli GFJ2		soli 02	soli 02		environmental	soil		asia	Thailand	THA		2011	
GCF_001971565__1_ASM197156v1_protein	GCF_001971565.1	SAMN04956557	108981	A. schindleri ACE		schi 01	schi 01		environmental	laboratory	isolated in the laboratory		Mexico	MEX	Cuernavaca Morelos	2013	https://www.ncbi.nlm.nih.gov/pubmed/28671531
GCF_002136895__1_ASM213689v1_protein	GCF_002136895.1	SAMN06837792	470	A. baumannii PR356		PR356	baum 84		human	human							https://jcm.asm.org/content/55/1/134
GCF_002143375__1_ASM214337v1_protein	GCF_002143375.1	SAMN06892248	470	A. baumannii ARLG1787		ARLG1787	baum 83		human	human							https://jcm.asm.org/content/55/1/134
GCF_002143975__1_ASM214397v1_protein	GCF_002143975.1	SAMN06892212	470	A. baumannii ARLG1317		IC-7 01	IC-7 01		human	human							https://jcm.asm.org/content/55/1/134
GCF_002150405__1_ASM215040v1_protein	GCF_002150405.1	SAMN06134759	470	A. baumannii antalya35		IC-3 01	IC-3 01		human	human	urine of patient with severe abdominal pain and painful urination; patient recovered	asia	Turkey	TUR	Antalya	2013	
GCF_002174105__1_ASM217410v1_protein	GCF_002174105.1	SAMN06891202	756892	A. indicus KCTC 42012		indi 03	indi 03		environmental	soil	Isolated from an abandoned Lead-zinc ore mine		China	CHN	Meizhou	2013	http://www.microbiologyresearch.org/docserver/fulltext/ijsem/64/10/3417_ijs066167.pdf?
GCF_002174125__1_ASM217412v1_protein	GCF_002174125.1	SAMN06891249	1582270	A. populi PBJ7		popu 01	popu 01		environmental	tree bark	isolated from bark canker (Populus euramericana)		China	CHN	Puyang	2011	
GCF_002233755__1_ASM223375v1_protein	GCF_002233755.1	SAMN07184470	2006115	A. piscicola LW15		pisc 01	pisc 01		environmental	freshwater fish	isolated from external lesions of diseased farmed Murray cod (Maccullochella peelii)		China	CHN	Dajing Town, Yueqing City, Zhejiang Province	2017	
GCF_002688565__1_ASM268856v1_protein	GCF_002688565.1	SAMN06111671	1808001	A. sp. LoGeW2-3		sp. 14	sp. 14		environmental	bird	isolated from white stork pellet	europe	Germany	DEU	Loburg	2015	
GCF_002835245__1_ASM283524v1_protein	GCF_002835245.1	SAMN08124307	1776741	A. proteolyticus 2P01AA		prot 01	prot 01		environmental	spacecraft	spacecraft associated surface		USA	USA		2007	https://www.ncbi.nlm.nih.gov/biosample/SAMN08124307/
GCF_900011295__1_ATCC19606_assembly_protein	GCF_900011295.1	SAMEA3650403	470	A. baumannii ATCC19606		19606 01	baum 82	1	human	human	isolated from dead patient from hospital	europe	Netherlands	NLD		1911	https://www.ncbi.nlm.nih.gov/biosample/SAMEA3650403/
GCF_900095025__1_IMG-taxon_2671180230_annotated_assembly_protein	GCF_900095025.1	SAMN05428935	1673609	A. albensis ANC 4874		albe 01	albe 01		environmental	freshwater	isolated from a pool in a deciduous forest in the natural reserve Mydlovarsky luh located on the bank of the river Labe (Czech Republic;  GPS coordinates: 50.1765697u N 14.9253897u E)	europe	Czech Republic	CZE	Mydlovarsky luh	2014	http://www.microbiologyresearch.org/docserver/fulltext/ijsem/65/11/3905_ijsem000511.pdf?e
GCF_900096895__1_IMG-taxon_2671180219_annotated_assembly_protein	GCF_900096895.1	SAMN05421732	1226327	A. kookii ANC 4667		kook 01	kook 01		environmental	soil							
GCF_900096915__1_IMG-taxon_2671180220_annotated_assembly_protein	GCF_900096915.1	SAMN05421749	281375	A. marinus ANC 3699		mari 01	mari 01		environmental	seawater							
GCF_900096955__1_IMG-taxon_2671180229_annotated_assembly_protein	GCF_900096955.1	SAMN05421733	1219383	A. boissieri ANC 4422		bois 01	bois 01		environmental	plant	isolated from floral nectar of the plant species Fritillaria lusitanica Wikstr. (Liliaceae) collected in the surroundings of Donana Natural Park	europe	Spain	ESP	Huelva province, SW	2011	http://ijs.microbiologyresearch.org/content/journal/ijsem/10.1099/ijs.0.043489-0
GCF_900096995__1_IMG-taxon_2671180233_annotated_assembly_protein	GCF_900096995.1	SAMN05421731	1096779	A. puyangensis ANC 4466		puya 01	puya 01		environmental	tree bark							
GCF_900107285__1_IMG-taxon_2675903034_annotated_assembly_protein	GCF_900107285.1	SAMN05421643	595670	A. kyonggiensis ANC 5109		kyon 01	kyon 01		environmental	sewage	isolated from a sewage treatment plant	asia	South Korea	KOR	Gwangju	2010	https://link.springer.com/article/10.1007%2Fs12275-010-0355-8
GCF_900116265__1_IMG-taxon_2675903032_annotated_assembly_protein	GCF_900116265.1	SAMN05444586	1435036	A. bohemicus ANC 5076		bohe 02	bohe 02		environmental	soil							
GCF_900197575__1_IMG-taxon_2690315601_annotated_assembly_protein	GCF_900197575.1	SAMN05444584	1229165	A. apis ANC 5114		apis 01	apis 01		environmental	bee	isolated from the intestinal tract of a honey bee (Apis mellifera)	asia	South Korea	KOR	Pocheon	2013	https://link.springer.com/article/10.1007/s12275-014-4078-0
